{"stats":{"minecraft:custom":{"minecraft:time_since_rest":23743481,"minecraft:sprint_one_cm":20450,"minecraft:walk_one_cm":515926,"minecraft:fly_one_cm":20591046,"minecraft:tune_noteblock":109,"minecraft:crouch_one_cm":25688,"minecraft:play_time":23743481,"minecraft:sneak_time":848422,"minecraft:aviate_one_cm":25018752,"minecraft:jump":828,"minecraft:leave_game":16,"minecraft:time_since_death":23743481,"minecraft:walk_on_water_one_cm":1318,"minecraft:total_world_time":24742630,"minecraft:horse_one_cm":681},"minecraft:picked_up":{"minecraft:rail":10,"minecraft:egg":1},"minecraft:used":{"minecraft:deepslate_tiles":9,"minecraft:redstone_torch":21,"minecraft:piston":29,"minecraft:flower_pot":1,"minecraft:black_concrete":11,"minecraft:firework_rocket":895,"minecraft:flint_and_steel":6,"minecraft:spruce_wood":12,"minecraft:lantern":1,"minecraft:redstone":5,"minecraft:stone_button":3,"minecraft:oak_sign":55,"minecraft:jungle_stairs":144,"minecraft:spruce_trapdoor":11,"minecraft:magenta_stained_glass":20,"minecraft:beacon":1,"minecraft:glow_ink_sac":18,"minecraft:flowering_azalea_leaves":33,"minecraft:yellow_wool":47,"minecraft:glowstone":11,"minecraft:repeater":10,"minecraft:redstone_lamp":1,"minecraft:rail":19,"minecraft:hay_block":45,"minecraft:spruce_stairs":45,"minecraft:jungle_planks":209,"minecraft:light_blue_wool":42,"minecraft:birch_log":32,"minecraft:jungle_slab":44,"minecraft:minecart":14,"minecraft:orange_wool":15,"minecraft:glass_pane":59,"minecraft:cracked_deepslate_tiles":151,"minecraft:note_block":17,"minecraft:spruce_fence":8,"minecraft:lightning_rod":2,"minecraft:obsidian":61}},"DataVersion":3700}