{"stats":{"minecraft:custom":{"minecraft:time_since_rest":15018834,"minecraft:sprint_one_cm":154289,"minecraft:walk_one_cm":148149,"minecraft:interact_with_anvil":3,"minecraft:mob_kills":24,"minecraft:drop":1,"minecraft:minecart_one_cm":6,"minecraft:damage_dealt":2170,"minecraft:target_hit":6,"minecraft:fly_one_cm":13783366,"minecraft:open_chest":1,"minecraft:fill_cauldron":3,"minecraft:crouch_one_cm":2089,"minecraft:play_time":15018834,"minecraft:sneak_time":64002,"minecraft:aviate_one_cm":39164562,"minecraft:jump":796,"minecraft:leave_game":8,"minecraft:time_since_death":15018834,"minecraft:walk_on_water_one_cm":22821,"minecraft:total_world_time":15018834,"minecraft:use_cauldron":1,"minecraft:horse_one_cm":30574},"minecraft:dropped":{"minecraft:elytra":1},"minecraft:picked_up":{"minecraft:feather":2,"minecraft:chicken":1,"minecraft:salmon":1,"minecraft:leather":6,"minecraft:lead":7,"minecraft:trident":1,"minecraft:lantern":2,"minecraft:snow_golem_spawn_egg":1,"minecraft:decorated_pot":159,"minecraft:beef":10,"minecraft:egg":2},"minecraft:used":{"minecraft:deepslate_brick_wall":31,"minecraft:trident":14,"minecraft:water_bucket":4,"minecraft:netherite_sword":35,"minecraft:black_wool":1,"minecraft:black_concrete":4,"minecraft:firework_rocket":411,"minecraft:cherry_hanging_sign":3,"minecraft:flint_and_steel":11,"minecraft:lantern":2,"minecraft:iron_block":1,"minecraft:axolotl_spawn_egg":36,"minecraft:chicken_spawn_egg":2,"minecraft:decorated_pot":214,"minecraft:cauldron":4,"minecraft:flowering_azalea_leaves":21,"minecraft:horse_spawn_egg":1,"minecraft:bedrock":1,"minecraft:green_candle":9,"minecraft:anvil":3,"minecraft:rail":1,"minecraft:hay_block":24,"minecraft:bucket":6,"minecraft:minecart":1,"minecraft:oak_wood":8,"minecraft:stripped_oak_log":16,"minecraft:salmon_bucket":1,"minecraft:powder_snow_bucket":28,"minecraft:spruce_fence":15,"minecraft:axolotl_bucket":1,"minecraft:candle":61,"minecraft:spruce_log":5,"minecraft:light_gray_bed":7},"minecraft:killed":{"minecraft:chicken":1,"minecraft:axolotl":22}},"DataVersion":3700}