{"stats":{"minecraft:used":{"minecraft:firework_rocket":211},"minecraft:custom":{"minecraft:jump":115,"minecraft:time_since_rest":6350606,"minecraft:crouch_one_cm":324,"minecraft:leave_game":9,"minecraft:sprint_one_cm":16708,"minecraft:play_time":6350606,"minecraft:time_since_death":6350606,"minecraft:walk_one_cm":20041,"minecraft:sneak_time":48514,"minecraft:total_world_time":6350606,"minecraft:drop":1,"minecraft:fly_one_cm":9996734,"minecraft:aviate_one_cm":15802917},"minecraft:dropped":{"minecraft:firework_rocket":1}},"DataVersion":3700}