{"stats":{"minecraft:custom":{"minecraft:mob_kills":39,"minecraft:interact_with_anvil":9,"minecraft:leave_game":11,"minecraft:time_since_death":19282440,"minecraft:time_since_rest":19282440,"minecraft:sprint_one_cm":800000,"minecraft:walk_one_cm":589437,"minecraft:drop":53,"minecraft:minecart_one_cm":20420,"minecraft:damage_dealt":4798,"minecraft:fly_one_cm":12085587,"minecraft:crouch_one_cm":25682,"minecraft:play_time":19282440,"minecraft:sneak_time":136320,"minecraft:walk_under_water_one_cm":2604,"minecraft:aviate_one_cm":55269649,"minecraft:jump":6788,"minecraft:walk_on_water_one_cm":130299,"minecraft:enchant_item":4,"minecraft:total_world_time":19282440,"minecraft:horse_one_cm":39110,"minecraft:fall_one_cm":269},"minecraft:dropped":{"minecraft:enchanted_book":1,"minecraft:water_bucket":2,"minecraft:anvil":2,"minecraft:lever":2,"minecraft:pink_bed":1,"minecraft:glow_ink_sac":1,"minecraft:tinted_glass":1,"minecraft:pig_spawn_egg":1,"minecraft:bookshelf":1,"minecraft:wheat":30,"minecraft:goat_spawn_egg":2,"minecraft:lime_wool":1,"minecraft:netherite_helmet":2,"minecraft:oak_fence":1,"minecraft:lead":1,"minecraft:spectral_arrow":1,"minecraft:jungle_planks":1,"minecraft:ender_eye":1,"minecraft:snow_golem_spawn_egg":1,"minecraft:bedrock":1,"minecraft:orange_wool":1,"minecraft:rail":1,"minecraft:glass_pane":1,"minecraft:jungle_slab":1,"minecraft:trident":6,"minecraft:zoglin_spawn_egg":1,"minecraft:light_blue_wool":1,"minecraft:white_concrete":1,"minecraft:glowstone":1,"minecraft:snowball":6,"minecraft:chain":1,"minecraft:cow_spawn_egg":1,"minecraft:bow":1,"minecraft:powered_rail":1,"minecraft:horse_spawn_egg":1,"minecraft:black_concrete":3,"minecraft:magma_block":2,"minecraft:birch_log":1,"minecraft:white_wool":1,"minecraft:egg":1,"minecraft:firework_rocket":1},"minecraft:picked_up":{"minecraft:wheat":20,"minecraft:anvil":1,"minecraft:water_bucket":1,"minecraft:leather":2,"minecraft:lantern":2,"minecraft:ender_eye":1,"minecraft:egg":1,"minecraft:trident":4,"minecraft:dragon_egg":1,"minecraft:netherite_helmet":1,"minecraft:cow_spawn_egg":1,"minecraft:snowball":5},"minecraft:used":{"minecraft:oak_fence":5,"minecraft:trident":1008,"minecraft:water_bucket":83,"minecraft:netherite_sword":64,"minecraft:enchanting_table":1,"minecraft:cow_spawn_egg":21,"minecraft:flint_and_steel":2,"minecraft:powered_rail":1,"minecraft:lead":6,"minecraft:oak_sign":22,"minecraft:glow_ink_sac":2,"minecraft:horse_spawn_egg":23,"minecraft:snow_golem_spawn_egg":1,"minecraft:torch":2,"minecraft:dragon_egg":1,"minecraft:rail":110,"minecraft:anvil":3,"minecraft:jungle_planks":25,"minecraft:light_blue_wool":247,"minecraft:jungle_slab":69,"minecraft:oak_wood":69,"minecraft:ochre_froglight":652,"minecraft:snowball":235,"minecraft:obsidian":82,"minecraft:oak_log":18,"minecraft:enderman_spawn_egg":3,"minecraft:lever":1,"minecraft:ender_eye":42,"minecraft:black_concrete":284,"minecraft:firework_rocket":675,"minecraft:bookshelf":23,"minecraft:spruce_wood":2,"minecraft:lantern":10,"minecraft:panda_spawn_egg":1,"minecraft:stone_button":8,"minecraft:pig_spawn_egg":1,"minecraft:jungle_stairs":2,"minecraft:flowering_azalea_leaves":6,"minecraft:bedrock":16,"minecraft:pink_bed":3,"minecraft:magenta_wool":2,"minecraft:black_stained_glass":14,"minecraft:glowstone":2,"minecraft:magma_block":3,"minecraft:bow":400,"minecraft:hay_block":121,"minecraft:minecart":3,"minecraft:drowned_spawn_egg":4,"minecraft:birch_log":6,"minecraft:chain":14,"minecraft:glass_pane":6,"minecraft:end_portal_frame":49,"minecraft:white_concrete":207,"minecraft:zoglin_spawn_egg":6},"minecraft:killed":{"minecraft:pig":1,"minecraft:horse":20,"minecraft:panda":1,"minecraft:snow_golem":1,"minecraft:cow":10}},"DataVersion":3700}