{"stats":{"minecraft:picked_up":{"minecraft:rail":10,"minecraft:egg":1},"minecraft:used":{"minecraft:deepslate_tiles":9,"minecraft:redstone_torch":21,"minecraft:piston":29,"minecraft:flower_pot":1,"minecraft:black_concrete":13,"minecraft:firework_rocket":895,"minecraft:flint_and_steel":6,"minecraft:spruce_wood":12,"minecraft:lantern":1,"minecraft:redstone":5,"minecraft:lime_wool":3,"minecraft:stone_button":3,"minecraft:oak_sign":57,"minecraft:jungle_stairs":144,"minecraft:spruce_trapdoor":11,"minecraft:magenta_stained_glass":20,"minecraft:beacon":1,"minecraft:glow_ink_sac":21,"minecraft:flowering_azalea_leaves":33,"minecraft:yellow_wool":47,"minecraft:glowstone":11,"minecraft:repeater":10,"minecraft:redstone_lamp":1,"minecraft:rail":19,"minecraft:hay_block":45,"minecraft:spruce_stairs":45,"minecraft:jungle_planks":209,"minecraft:light_blue_wool":42,"minecraft:jungle_slab":44,"minecraft:birch_log":32,"minecraft:minecart":14,"minecraft:orange_wool":18,"minecraft:glass_pane":59,"minecraft:cracked_deepslate_tiles":151,"minecraft:note_block":17,"minecraft:spruce_fence":8,"minecraft:lightning_rod":2,"minecraft:obsidian":61},"minecraft:custom":{"minecraft:time_since_rest":28620148,"minecraft:sprint_one_cm":31020,"minecraft:walk_one_cm":551078,"minecraft:tune_noteblock":109,"minecraft:fly_one_cm":21953090,"minecraft:crouch_one_cm":26870,"minecraft:play_time":28620148,"minecraft:sneak_time":919650,"minecraft:aviate_one_cm":25018752,"minecraft:jump":891,"minecraft:leave_game":18,"minecraft:time_since_death":28620148,"minecraft:walk_on_water_one_cm":1318,"minecraft:total_world_time":31855237,"minecraft:horse_one_cm":681}},"DataVersion":3700}