{"stats":{"minecraft:custom":{"minecraft:time_since_rest":10348482,"minecraft:crouch_one_cm":3173,"minecraft:play_time":10348482,"minecraft:sprint_one_cm":90439,"minecraft:walk_one_cm":86827,"minecraft:sneak_time":264665,"minecraft:interact_with_anvil":4,"minecraft:drop":22,"minecraft:aviate_one_cm":75867974,"minecraft:jump":615,"minecraft:leave_game":4,"minecraft:time_since_death":10348482,"minecraft:total_world_time":10348482,"minecraft:fly_one_cm":9390944,"minecraft:open_barrel":2},"minecraft:dropped":{"minecraft:trident":1,"minecraft:wheat":21},"minecraft:picked_up":{"minecraft:wheat":30,"minecraft:egg":4},"minecraft:used":{"minecraft:barrel":9,"minecraft:trident":52,"minecraft:iron_bars":29,"minecraft:firework_rocket":203,"minecraft:anvil":3,"minecraft:villager_spawn_egg":1,"minecraft:lead":1,"minecraft:oak_sign":5,"minecraft:egg":10,"minecraft:obsidian":2,"minecraft:horse_spawn_egg":1}},"DataVersion":3700}