{"stats":{"minecraft:custom":{"minecraft:time_since_rest":10711319,"minecraft:crouch_one_cm":860,"minecraft:play_time":10711319,"minecraft:sprint_one_cm":10226,"minecraft:walk_one_cm":71011,"minecraft:sneak_time":118759,"minecraft:mob_kills":2,"minecraft:interact_with_anvil":6,"minecraft:jump":54,"minecraft:damage_dealt":50,"minecraft:leave_game":4,"minecraft:time_since_death":10711319,"minecraft:walk_on_water_one_cm":5926,"minecraft:total_world_time":10711319,"minecraft:fly_one_cm":1783950,"minecraft:horse_one_cm":48},"minecraft:picked_up":{"minecraft:lead":2,"minecraft:trident":1,"minecraft:bamboo":1,"minecraft:goat_spawn_egg":2,"minecraft:rail":3},"minecraft:used":{"minecraft:trident":26,"minecraft:diamond_sword":2,"minecraft:rabbit_spawn_egg":2,"minecraft:carrot":2,"minecraft:snowball":90,"minecraft:cat_spawn_egg":2},"minecraft:killed":{"minecraft:rabbit":2}},"DataVersion":3700}