{"stats":{"minecraft:killed":{"minecraft:chicken":1,"minecraft:axolotl":22,"minecraft:frog":1},"minecraft:picked_up":{"minecraft:feather":2,"minecraft:chicken":1,"minecraft:salmon":1,"minecraft:leather":6,"minecraft:lead":12,"minecraft:trident":1,"minecraft:lantern":2,"minecraft:snow_golem_spawn_egg":1,"minecraft:decorated_pot":164,"minecraft:beef":10,"minecraft:egg":2},"minecraft:used":{"minecraft:deepslate_brick_wall":31,"minecraft:oak_fence":1,"minecraft:frog_spawn_egg":2,"minecraft:trident":14,"minecraft:water_bucket":4,"minecraft:netherite_sword":35,"minecraft:black_wool":1,"minecraft:black_concrete":4,"minecraft:cherry_hanging_sign":3,"minecraft:firework_rocket":411,"minecraft:flint_and_steel":11,"minecraft:lantern":2,"minecraft:iron_block":1,"minecraft:lead":1,"minecraft:decorated_pot":236,"minecraft:chicken_spawn_egg":2,"minecraft:axolotl_spawn_egg":39,"minecraft:cauldron":4,"minecraft:horse_spawn_egg":1,"minecraft:flowering_azalea_leaves":21,"minecraft:bedrock":1,"minecraft:green_candle":9,"minecraft:anvil":14,"minecraft:rail":1,"minecraft:hay_block":24,"minecraft:minecart":1,"minecraft:bucket":6,"minecraft:oak_wood":8,"minecraft:white_concrete":1,"minecraft:stripped_oak_log":16,"minecraft:salmon_bucket":1,"minecraft:light_gray_bed":7,"minecraft:spruce_fence":16,"minecraft:axolotl_bucket":1,"minecraft:powder_snow_bucket":37,"minecraft:spruce_log":5,"minecraft:candle":61},"minecraft:custom":{"minecraft:time_since_rest":16542762,"minecraft:sprint_one_cm":170846,"minecraft:walk_one_cm":179061,"minecraft:mob_kills":25,"minecraft:interact_with_anvil":4,"minecraft:drop":1,"minecraft:minecart_one_cm":6,"minecraft:damage_dealt":2200,"minecraft:target_hit":6,"minecraft:fly_one_cm":15673247,"minecraft:open_chest":1,"minecraft:fill_cauldron":3,"minecraft:crouch_one_cm":2401,"minecraft:play_time":16542762,"minecraft:sneak_time":70875,"minecraft:aviate_one_cm":40491205,"minecraft:jump":904,"minecraft:leave_game":9,"minecraft:time_since_death":16542762,"minecraft:walk_on_water_one_cm":22821,"minecraft:total_world_time":16542762,"minecraft:use_cauldron":1,"minecraft:horse_one_cm":30574},"minecraft:dropped":{"minecraft:elytra":1}},"DataVersion":3700}